Chnlen,StpPct,nObs,Equity,EquityMax,MaxDrawdown,NumTrades,NumPositiveTrades,PctPosTrade,AvgWinner,AvgLooser,DeltaMean,DeltaSum2_C,DeltaSum3_C,DeltaSum4_C,Var,Std,Skew,XKurt
10000,0.015,169317,318773,322817,-16286.4,147,42.5,0.289116,2177.51,-4034.77,0.701494,1.47039e+09,1.86365e+12,1.42497e+16,8684.23,93.1892,5596.52,1112.95
10000,0.016,169317,322599,327648,-12819.5,137,38.5,0.281022,2239.55,-4547.48,0.72408,1.56337e+09,1.89586e+12,1.44789e+16,9233.36,96.0904,5192.98,1000.03
10000,0.017,169317,326457,332827,-14070.5,128,35.5,0.277344,2269.97,-4940.27,0.746856,1.64173e+09,1.90402e+12,1.45547e+16,9696.21,98.4694,4846.38,911.318
10000,0.018,169317,320080,327858,-15321.5,122,33.5,0.27459,2336.09,-4807.21,0.709202,1.71128e+09,1.88165e+12,1.47e+16,10107,100.534,4500.44,846.91
