Chnlen,StpPct,nObs,Equity,EquityMax,MaxDrawdown,NumTrades,NumPositiveTrades,PctPosTrade,AvgWinner,AvgLooser,DeltaMean,DeltaSum2_C,DeltaSum3_C,DeltaSum4_C,Var,Std,Skew,XKurt
10000,0.015,169317,318773,322818,-16286.5,147,42.5,0.289116,2177.53,-4034.77,0.701484,1.47068e+09,1.86699e+12,1.42609e+16,8685.96,93.1985,5604.85,1113.38
10000,0.016,169317,322599,327648,-12819.6,137,38.5,0.281022,2239.57,-4547.48,0.724082,1.56368e+09,1.89914e+12,1.44902e+16,9235.22,96.1,5200.39,1000.41
10000,0.017,169317,326457,332827,-14070.6,128,35.5,0.277344,2269.98,-4940.27,0.746865,1.64202e+09,1.90755e+12,1.4566e+16,9697.9,98.4779,4854.11,911.711
