Chnlen,StpPct,Equity,EquityMax,MaxDrawdown,NumTrades,numPositiveTrades,DeltaMean,DeltaSum2_C,DeltaSum3_C
10000,0.015,316073,369842,-67168.2,69,0,0.685535,6.47212e+09,-3.58376e+11
10000,0.016,315071,370186,-69225.9,66,0,0.679619,1.3004e+10,-7.15661e+11
10000,0.017,316269,372730,-65553.1,63,0,0.686696,1.95835e+10,-1.07159e+12
