Chnlen,StpPct,Equity,EquityMax,MaxDrawdown,NumTrades,numPositiveTrades,DeltaMean,DeltaSum2_C,DeltaSum3_C,Var,Std,Skew
10,0.015,169317,-3.65791e+06,200051,-3.85805e+06,12094.5,12.5,-22.7851,2.16889e+10,-6.80715e+12,128097,357.906,-360.835
10,0.016,169317,-3.66428e+06,200051,-3.86442e+06,12088.5,13,-22.8227,2.17386e+10,-6.87781e+12,128390,358.316,-363.331
10,0.017,169317,-3.67968e+06,200051,-3.87982e+06,12083.5,7.5,-22.9137,2.18197e+10,-7.0774e+12,128869,358.983,-371.792
10,0.018,169317,-3.68425e+06,200051,-3.88439e+06,12081.5,6.5,-22.9407,2.19628e+10,-6.65877e+12,129714,360.159,-346.387
