Chnlen,StpPct,nObs,Equity,EquityMax,MaxDrawdown,NumTrades,NumPositiveTrades,PctPosTrade,DeltaMean,DeltaPosMean,DeltaNegMean,DeltaSum2_C,DeltaSum3_C,Var,Std,Skew
10000,0.015,169317,250997,264486,-29498,147,0,0,0.301194,146.758,-146.457,1.4013e+09,1.64323e+12,8276.22,90.9737,5303.97
10000,0.016,169317,258676,271958,-26059,137,0,0,0.346546,152.395,-152.048,1.496e+09,1.67772e+12,8835.52,93.9975,4909.3
10000,0.017,169317,267967,282335,-30740.8,128,0,0,0.401421,154.635,-154.233,1.57943e+09,1.69392e+12,9328.23,96.5827,4569.24
10000,0.018,169317,263075,276637,-32864.2,122,0,0,0.372527,163.453,-163.08,1.64848e+09,1.67203e+12,9736.07,98.6715,4229.79
